{"loss": [0.06321477144956589, 0.0480445958673954, 0.04425925761461258, 0.042232632637023926, 0.04092465713620186, 0.04017382115125656, 0.03964463993906975, 0.0392339751124382, 0.03895977512001991, 0.03883132338523865, 0.038697753101587296, 0.038488686084747314, 0.03845759481191635, 0.03840521350502968, 0.03823215141892433, 0.0381869338452816, 0.03811581805348396, 0.038107313215732574, 0.0380912721157074, 0.0380544476211071, 0.03803893178701401, 0.03801403567194939, 0.03798554837703705, 0.03802390769124031, 0.0379100926220417, 0.037901513278484344, 0.0378645583987236, 0.03789513185620308, 0.03791826218366623, 0.03784216567873955, 0.037889301776885986, 0.03785092011094093, 0.03782394900918007, 0.037823475897312164, 0.037760376930236816, 0.03779800981283188, 0.03777629882097244, 0.037716761231422424, 0.03774534538388252, 0.03775772452354431, 0.03773227706551552, 0.03769966587424278, 0.037756532430648804, 0.03773873299360275, 0.03770794719457626, 0.03767728433012962, 0.037709228694438934, 0.03767493739724159, 0.03763950988650322, 0.037700824439525604], "mae": [0.20548249781131744, 0.18333567678928375, 0.17766979336738586, 0.17485962808132172, 0.1728770136833191, 0.17174412310123444, 0.17077168822288513, 0.1702977567911148, 0.16982458531856537, 0.1696285754442215, 0.16945739090442657, 0.16907833516597748, 0.16898837685585022, 0.16894586384296417, 0.1687561571598053, 0.16858793795108795, 0.1685294210910797, 0.1685168594121933, 0.16846103966236115, 0.16851530969142914, 0.16838271915912628, 0.1683618724346161, 0.1682814359664917, 0.16848008334636688, 0.16818901896476746, 0.1682477593421936, 0.1680896133184433, 0.16822053492069244, 0.16828571259975433, 0.16807153820991516, 0.16825123131275177, 0.16813163459300995, 0.16808775067329407, 0.16808728873729706, 0.16794957220554352, 0.1680704653263092, 0.16798624396324158, 0.1679268479347229, 0.1679171323776245, 0.16790366172790527, 0.16791711747646332, 0.1678578406572342, 0.16799305379390717, 0.16795487701892853, 0.16792355477809906, 0.16785524785518646, 0.16794927418231964, 0.16784422099590302, 0.16781458258628845, 0.16794490814208984], "val_loss": [0.04322313144803047, 0.04114897549152374, 0.04007261246442795, 0.039334412664175034, 0.03894669935107231, 0.03848902881145477, 0.03835396468639374, 0.03822578489780426, 0.038097113370895386, 0.037998560816049576, 0.03804069384932518, 0.037998031824827194, 0.03799495846033096, 0.03796098381280899, 0.03790949657559395, 0.03787297010421753, 0.03787573054432869, 0.0379147008061409, 0.03786642104387283, 0.037851475179195404, 0.03784186393022537, 0.03780137002468109, 0.03785957396030426, 0.037778690457344055, 0.03772860765457153, 0.03776104003190994, 0.03777342662215233, 0.037742357701063156, 0.037746068090200424, 0.03770379349589348, 0.037745993584394455, 0.03774139657616615, 0.03770662471652031, 0.03771784529089928, 0.03772945702075958, 0.03773266449570656, 0.03769814223051071, 0.0377008430659771, 0.03771917521953583, 0.0377211719751358, 0.03770195320248604, 0.03768213838338852, 0.03771494701504707, 0.03767569735646248, 0.03771917521953583, 0.037685975432395935, 0.037693656980991364, 0.03769086301326752, 0.03767026215791702, 0.03767819702625275], "val_mae": [0.17645825445652008, 0.1732865571975708, 0.17169414460659027, 0.17064861953258514, 0.17005831003189087, 0.1693945974111557, 0.1691967099905014, 0.16897770762443542, 0.16878224909305573, 0.1686708629131317, 0.16870194673538208, 0.16862806677818298, 0.16864465177059174, 0.1685897558927536, 0.16851897537708282, 0.16845101118087769, 0.1684369295835495, 0.16847434639930725, 0.16840732097625732, 0.16838261485099792, 0.16834212839603424, 0.16828294098377228, 0.16837292909622192, 0.16822998225688934, 0.16814035177230835, 0.1681942343711853, 0.16822104156017303, 0.16817043721675873, 0.16817639768123627, 0.1681065708398819, 0.1681465357542038, 0.16813698410987854, 0.16808238625526428, 0.16811512410640717, 0.16813917458057404, 0.16816674172878265, 0.16810719668865204, 0.16808639466762543, 0.16814333200454712, 0.16812849044799805, 0.16811637580394745, 0.16807153820991516, 0.16811439394950867, 0.16806867718696594, 0.1681201457977295, 0.168065145611763, 0.1680959314107895, 0.16809728741645813, 0.16806137561798096, 0.1680685430765152]}