{"loss": [0.07178059965372086, 0.048867154866456985, 0.044323090463876724, 0.04203684628009796, 0.040760379284620285, 0.03979392722249031, 0.039197612553834915, 0.03882663697004318, 0.038789015263319016, 0.03862956911325455, 0.03850772604346275, 0.03837721422314644, 0.03822720795869827, 0.03820519894361496, 0.03815556690096855, 0.03816389665007591, 0.038104310631752014, 0.038063496351242065, 0.038001466542482376, 0.03793080896139145, 0.0379028283059597, 0.03791045397520065, 0.03790949285030365, 0.037858814001083374, 0.03782968968153, 0.037831440567970276, 0.037770919501781464, 0.03780984506011009, 0.037794966250658035, 0.037784870713949203, 0.03780055046081543, 0.037734437733888626, 0.037695255130529404, 0.03773263469338417, 0.03771669790148735, 0.037678781896829605, 0.03764432668685913, 0.037684306502342224, 0.03771461918950081, 0.03770732507109642, 0.037660710513591766, 0.03764743730425835, 0.037645094096660614, 0.03768444061279297, 0.03761162608861923, 0.037654560059309006, 0.037599362432956696, 0.03758145123720169, 0.0375821515917778, 0.03764009103178978], "mae": [0.21769848465919495, 0.18456724286079407, 0.17764881253242493, 0.17439745366573334, 0.17254315316677094, 0.17117023468017578, 0.17006883025169373, 0.16954168677330017, 0.16953527927398682, 0.16941940784454346, 0.16917921602725983, 0.16894863545894623, 0.16862019896507263, 0.16873662173748016, 0.1685718595981598, 0.16860458254814148, 0.16861046850681305, 0.16845175623893738, 0.16830751299858093, 0.16824223101139069, 0.1681918203830719, 0.16818633675575256, 0.16822099685668945, 0.16809992492198944, 0.1679755002260208, 0.1681893914937973, 0.16799868643283844, 0.1681123673915863, 0.1681383103132248, 0.16804292798042297, 0.1680467128753662, 0.16795974969863892, 0.16789017617702484, 0.16797806322574615, 0.16790585219860077, 0.16786007583141327, 0.16773129999637604, 0.16786521673202515, 0.16790495812892914, 0.16782762110233307, 0.1677701771259308, 0.16774475574493408, 0.1677907258272171, 0.1678979992866516, 0.16764001548290253, 0.1678154617547989, 0.16770346462726593, 0.16761355102062225, 0.16763798892498016, 0.1678164303302765], "val_loss": [0.04193618893623352, 0.04201755300164223, 0.04111253842711449, 0.04016413539648056, 0.039275966584682465, 0.0386916846036911, 0.03837399184703827, 0.03823397681117058, 0.03810940310359001, 0.0380772240459919, 0.03802509605884552, 0.03791685029864311, 0.03786050155758858, 0.037779081612825394, 0.037821799516677856, 0.03781324252486229, 0.03777950257062912, 0.037756241858005524, 0.03776126354932785, 0.0378219373524189, 0.03774701803922653, 0.037752192467451096, 0.0377541109919548, 0.03772137314081192, 0.03776014223694801, 0.03773582726716995, 0.03770330175757408, 0.037700194865465164, 0.037716567516326904, 0.03772488236427307, 0.03771912679076195, 0.03772380203008652, 0.03771134465932846, 0.037678055465221405, 0.037697695195674896, 0.037703920155763626, 0.03770334646105766, 0.03769061341881752, 0.03770652040839195, 0.037687089294195175, 0.037727151066064835, 0.03771006688475609, 0.03771195933222771, 0.03771377354860306, 0.03772654011845589, 0.03766888380050659, 0.03767281398177147, 0.03767101839184761, 0.037659138441085815, 0.037691839039325714], "val_mae": [0.17438921332359314, 0.17457996308803558, 0.17318971455097198, 0.171752467751503, 0.1705053150653839, 0.16966575384140015, 0.16922514140605927, 0.16900600492954254, 0.16882894933223724, 0.16877193748950958, 0.16870863735675812, 0.1684936136007309, 0.16841596364974976, 0.16828691959381104, 0.16834279894828796, 0.16832751035690308, 0.16826875507831573, 0.16821947693824768, 0.16820776462554932, 0.16829250752925873, 0.16817572712898254, 0.16817469894886017, 0.16819404065608978, 0.16815121471881866, 0.16821886599063873, 0.16815631091594696, 0.16812488436698914, 0.1681293249130249, 0.1681433767080307, 0.16817085444927216, 0.16816769540309906, 0.16815555095672607, 0.1681479811668396, 0.16807910799980164, 0.16809557378292084, 0.16810734570026398, 0.16812513768672943, 0.16810408234596252, 0.16812144219875336, 0.16810420155525208, 0.16817665100097656, 0.16812831163406372, 0.1681307554244995, 0.16814249753952026, 0.16813050210475922, 0.16807140409946442, 0.16807673871517181, 0.16807158291339874, 0.16805513203144073, 0.1681017279624939]}